<?xml version="1.0"?>
<doc>
    <assembly>
        <name>Telerik.Windows.Controls.SpreadsheetUI</name>
    </assembly>
    <members>
        <member name="T:Telerik.Windows.Controls.RadSpreadsheetRibbon">
            <summary>
            The ribbon of the RadSpreadsheet.
            </summary>
        </member>
        <member name="F:Telerik.Windows.Controls.RadSpreadsheetRibbon.BackstageClippingElementProperty">
            <summary>
            Gets or sets the area that will contain the backstage.
            </summary>
        </member>
        <member name="M:Telerik.Windows.Controls.RadSpreadsheetRibbon.ResetTheme">
            <inheritdoc />
        </member>
        <member name="M:Telerik.Windows.Controls.RadSpreadsheetRibbon.OnInitialized(System.EventArgs)">
            <inheritdoc />
        </member>
        <member name="P:Telerik.Windows.Controls.RadSpreadsheetRibbon.BackstageClippingElement">
            <summary>
            Gets or sets the area that will contain the backstage.
            </summary>
        </member>
    </members>
</doc>
